qkd_supply_rate_kbps,qkd_key_size_bits,pool_depth_keys,initial_keys,handshake_rate_req_s,repeat,sustainable_qkd_rate_req_s,theoretical_burst_duration_s,measured_burst_duration_s,burst_measurement_status,burst_error_pct,steady_state_start_condition,warmup_seconds_non_overloaded,measurement_seconds,measurement_attempts,qkd_successes,qkd_failures,steady_state_qkd_success_rate_pct,final_pool_occupancy_keys,final_pool_occupancy_pct,starved
1,256,16,16,1,1,3.90625,,,NOT_APPLICABLE,,AFTER_10S_WARMUP,10,60,60,60,0,100,15,93.75,NO
1,256,16,16,1,2,3.90625,,,NOT_APPLICABLE,,AFTER_10S_WARMUP,10,60,60,60,0,100,15,93.75,NO
1,256,16,16,1,3,3.90625,,,NOT_APPLICABLE,,AFTER_10S_WARMUP,10,60,60,60,0,100,15,93.75,NO
1,256,16,16,1,4,3.90625,,,NOT_APPLICABLE,,AFTER_10S_WARMUP,10,60,60,60,0,100,15,93.75,NO
1,256,16,16,1,5,3.90625,,,NOT_APPLICABLE,,AFTER_10S_WARMUP,10,60,60,60,0,100,15,93.75,NO
1,256,64,64,1,1,3.90625,,,NOT_APPLICABLE,,AFTER_10S_WARMUP,10,60,60,60,0,100,63,98.4375,NO
1,256,64,64,1,2,3.90625,,,NOT_APPLICABLE,,AFTER_10S_WARMUP,10,60,60,60,0,100,63,98.4375,NO
1,256,64,64,1,3,3.90625,,,NOT_APPLICABLE,,AFTER_10S_WARMUP,10,60,60,60,0,100,63,98.4375,NO
1,256,64,64,1,4,3.90625,,,NOT_APPLICABLE,,AFTER_10S_WARMUP,10,60,60,60,0,100,63,98.4375,NO
1,256,64,64,1,5,3.90625,,,NOT_APPLICABLE,,AFTER_10S_WARMUP,10,60,60,60,0,100,63,98.4375,NO
1,256,128,128,1,1,3.90625,,,NOT_APPLICABLE,,AFTER_10S_WARMUP,10,60,60,60,0,100,127,99.21875,NO
1,256,128,128,1,2,3.90625,,,NOT_APPLICABLE,,AFTER_10S_WARMUP,10,60,60,60,0,100,127,99.21875,NO
1,256,128,128,1,3,3.90625,,,NOT_APPLICABLE,,AFTER_10S_WARMUP,10,60,60,60,0,100,127,99.21875,NO
1,256,128,128,1,4,3.90625,,,NOT_APPLICABLE,,AFTER_10S_WARMUP,10,60,60,60,0,100,127,99.21875,NO
1,256,128,128,1,5,3.90625,,,NOT_APPLICABLE,,AFTER_10S_WARMUP,10,60,60,60,0,100,127,99.21875,NO
1,256,16,16,5,1,3.90625,14.628571,14.8,MEASURED,1.171875,AFTER_FIRST_QKD_FAILURE,0,60,300,235,65,78.333333,0,0,YES
1,256,16,16,5,2,3.90625,14.628571,14.8,MEASURED,1.171875,AFTER_FIRST_QKD_FAILURE,0,60,300,235,65,78.333333,0,0,YES
1,256,16,16,5,3,3.90625,14.628571,14.8,MEASURED,1.171875,AFTER_FIRST_QKD_FAILURE,0,60,300,235,65,78.333333,0,0,YES
1,256,16,16,5,4,3.90625,14.628571,14.8,MEASURED,1.171875,AFTER_FIRST_QKD_FAILURE,0,60,300,235,65,78.333333,0,0,YES
1,256,16,16,5,5,3.90625,14.628571,14.8,MEASURED,1.171875,AFTER_FIRST_QKD_FAILURE,0,60,300,235,65,78.333333,0,0,YES
1,256,64,64,5,1,3.90625,58.514286,58.6,MEASURED,0.146484,AFTER_FIRST_QKD_FAILURE,0,60,300,235,65,78.333333,0,0,YES
1,256,64,64,5,2,3.90625,58.514286,58.6,MEASURED,0.146484,AFTER_FIRST_QKD_FAILURE,0,60,300,235,65,78.333333,0,0,YES
1,256,64,64,5,3,3.90625,58.514286,58.6,MEASURED,0.146484,AFTER_FIRST_QKD_FAILURE,0,60,300,235,65,78.333333,0,0,YES
1,256,64,64,5,4,3.90625,58.514286,58.6,MEASURED,0.146484,AFTER_FIRST_QKD_FAILURE,0,60,300,235,65,78.333333,0,0,YES
1,256,64,64,5,5,3.90625,58.514286,58.6,MEASURED,0.146484,AFTER_FIRST_QKD_FAILURE,0,60,300,235,65,78.333333,0,0,YES
1,256,128,128,5,1,3.90625,117.028571,117.2,MEASURED,0.146484,AFTER_FIRST_QKD_FAILURE,0,60,300,235,65,78.333333,0,0,YES
1,256,128,128,5,2,3.90625,117.028571,117.2,MEASURED,0.146484,AFTER_FIRST_QKD_FAILURE,0,60,300,235,65,78.333333,0,0,YES
1,256,128,128,5,3,3.90625,117.028571,117.2,MEASURED,0.146484,AFTER_FIRST_QKD_FAILURE,0,60,300,235,65,78.333333,0,0,YES
1,256,128,128,5,4,3.90625,117.028571,117.2,MEASURED,0.146484,AFTER_FIRST_QKD_FAILURE,0,60,300,235,65,78.333333,0,0,YES
1,256,128,128,5,5,3.90625,117.028571,117.2,MEASURED,0.146484,AFTER_FIRST_QKD_FAILURE,0,60,300,235,65,78.333333,0,0,YES
1,256,16,16,10,1,3.90625,2.625641,2.7,MEASURED,2.832031,AFTER_FIRST_QKD_FAILURE,0,60,600,234,366,39,0,0,YES
1,256,16,16,10,2,3.90625,2.625641,2.7,MEASURED,2.832031,AFTER_FIRST_QKD_FAILURE,0,60,600,234,366,39,0,0,YES
1,256,16,16,10,3,3.90625,2.625641,2.7,MEASURED,2.832031,AFTER_FIRST_QKD_FAILURE,0,60,600,234,366,39,0,0,YES
1,256,16,16,10,4,3.90625,2.625641,2.7,MEASURED,2.832031,AFTER_FIRST_QKD_FAILURE,0,60,600,234,366,39,0,0,YES
1,256,16,16,10,5,3.90625,2.625641,2.7,MEASURED,2.832031,AFTER_FIRST_QKD_FAILURE,0,60,600,234,366,39,0,0,YES
1,256,64,64,10,1,3.90625,10.502564,10.6,MEASURED,0.927734,AFTER_FIRST_QKD_FAILURE,0,60,600,234,366,39,0,0,YES
1,256,64,64,10,2,3.90625,10.502564,10.6,MEASURED,0.927734,AFTER_FIRST_QKD_FAILURE,0,60,600,234,366,39,0,0,YES
1,256,64,64,10,3,3.90625,10.502564,10.6,MEASURED,0.927734,AFTER_FIRST_QKD_FAILURE,0,60,600,234,366,39,0,0,YES
1,256,64,64,10,4,3.90625,10.502564,10.6,MEASURED,0.927734,AFTER_FIRST_QKD_FAILURE,0,60,600,234,366,39,0,0,YES
1,256,64,64,10,5,3.90625,10.502564,10.6,MEASURED,0.927734,AFTER_FIRST_QKD_FAILURE,0,60,600,234,366,39,0,0,YES
1,256,128,128,10,1,3.90625,21.005128,21.1,MEASURED,0.45166,AFTER_FIRST_QKD_FAILURE,0,60,600,234,366,39,0,0,YES
1,256,128,128,10,2,3.90625,21.005128,21.1,MEASURED,0.45166,AFTER_FIRST_QKD_FAILURE,0,60,600,234,366,39,0,0,YES
1,256,128,128,10,3,3.90625,21.005128,21.1,MEASURED,0.45166,AFTER_FIRST_QKD_FAILURE,0,60,600,234,366,39,0,0,YES
1,256,128,128,10,4,3.90625,21.005128,21.1,MEASURED,0.45166,AFTER_FIRST_QKD_FAILURE,0,60,600,234,366,39,0,0,YES
1,256,128,128,10,5,3.90625,21.005128,21.1,MEASURED,0.45166,AFTER_FIRST_QKD_FAILURE,0,60,600,234,366,39,0,0,YES
1,256,16,16,20,1,3.90625,0.994175,1,MEASURED,0.585938,AFTER_FIRST_QKD_FAILURE,0,60,1200,235,965,19.583333,0,0,YES
1,256,16,16,20,2,3.90625,0.994175,1,MEASURED,0.585938,AFTER_FIRST_QKD_FAILURE,0,60,1200,235,965,19.583333,0,0,YES
1,256,16,16,20,3,3.90625,0.994175,1,MEASURED,0.585938,AFTER_FIRST_QKD_FAILURE,0,60,1200,235,965,19.583333,0,0,YES
1,256,16,16,20,4,3.90625,0.994175,1,MEASURED,0.585938,AFTER_FIRST_QKD_FAILURE,0,60,1200,235,965,19.583333,0,0,YES
1,256,16,16,20,5,3.90625,0.994175,1,MEASURED,0.585938,AFTER_FIRST_QKD_FAILURE,0,60,1200,235,965,19.583333,0,0,YES
1,256,64,64,20,1,3.90625,3.976699,4,MEASURED,0.585937,AFTER_FIRST_QKD_FAILURE,0,60,1200,234,966,19.5,0,0,YES
1,256,64,64,20,2,3.90625,3.976699,4,MEASURED,0.585937,AFTER_FIRST_QKD_FAILURE,0,60,1200,234,966,19.5,0,0,YES
1,256,64,64,20,3,3.90625,3.976699,4,MEASURED,0.585937,AFTER_FIRST_QKD_FAILURE,0,60,1200,234,966,19.5,0,0,YES
1,256,64,64,20,4,3.90625,3.976699,4,MEASURED,0.585937,AFTER_FIRST_QKD_FAILURE,0,60,1200,234,966,19.5,0,0,YES
1,256,64,64,20,5,3.90625,3.976699,4,MEASURED,0.585937,AFTER_FIRST_QKD_FAILURE,0,60,1200,234,966,19.5,0,0,YES
1,256,128,128,20,1,3.90625,7.953398,8,MEASURED,0.585937,AFTER_FIRST_QKD_FAILURE,0,60,1200,234,966,19.5,0,0,YES
1,256,128,128,20,2,3.90625,7.953398,8,MEASURED,0.585937,AFTER_FIRST_QKD_FAILURE,0,60,1200,234,966,19.5,0,0,YES
1,256,128,128,20,3,3.90625,7.953398,8,MEASURED,0.585937,AFTER_FIRST_QKD_FAILURE,0,60,1200,234,966,19.5,0,0,YES
1,256,128,128,20,4,3.90625,7.953398,8,MEASURED,0.585937,AFTER_FIRST_QKD_FAILURE,0,60,1200,234,966,19.5,0,0,YES
1,256,128,128,20,5,3.90625,7.953398,8,MEASURED,0.585937,AFTER_FIRST_QKD_FAILURE,0,60,1200,234,966,19.5,0,0,YES
1,256,16,16,50,1,3.90625,0.347119,0.36,MEASURED,3.710938,AFTER_FIRST_QKD_FAILURE,0,60,3000,234,2766,7.8,0,0,YES
1,256,16,16,50,2,3.90625,0.347119,0.36,MEASURED,3.710938,AFTER_FIRST_QKD_FAILURE,0,60,3000,234,2766,7.8,0,0,YES
1,256,16,16,50,3,3.90625,0.347119,0.36,MEASURED,3.710938,AFTER_FIRST_QKD_FAILURE,0,60,3000,234,2766,7.8,0,0,YES
1,256,16,16,50,4,3.90625,0.347119,0.36,MEASURED,3.710938,AFTER_FIRST_QKD_FAILURE,0,60,3000,234,2766,7.8,0,0,YES
1,256,16,16,50,5,3.90625,0.347119,0.36,MEASURED,3.710938,AFTER_FIRST_QKD_FAILURE,0,60,3000,234,2766,7.8,0,0,YES
1,256,64,64,50,1,3.90625,1.388475,1.4,MEASURED,0.830078,AFTER_FIRST_QKD_FAILURE,0,60,3000,234,2766,7.8,0,0,YES
1,256,64,64,50,2,3.90625,1.388475,1.4,MEASURED,0.830078,AFTER_FIRST_QKD_FAILURE,0,60,3000,234,2766,7.8,0,0,YES
1,256,64,64,50,3,3.90625,1.388475,1.4,MEASURED,0.830078,AFTER_FIRST_QKD_FAILURE,0,60,3000,234,2766,7.8,0,0,YES
1,256,64,64,50,4,3.90625,1.388475,1.4,MEASURED,0.830078,AFTER_FIRST_QKD_FAILURE,0,60,3000,234,2766,7.8,0,0,YES
1,256,64,64,50,5,3.90625,1.388475,1.4,MEASURED,0.830078,AFTER_FIRST_QKD_FAILURE,0,60,3000,234,2766,7.8,0,0,YES
1,256,128,128,50,1,3.90625,2.776949,2.78,MEASURED,0.109863,AFTER_FIRST_QKD_FAILURE,0,60,3000,235,2765,7.833333,0,0,YES
1,256,128,128,50,2,3.90625,2.776949,2.78,MEASURED,0.109863,AFTER_FIRST_QKD_FAILURE,0,60,3000,235,2765,7.833333,0,0,YES
1,256,128,128,50,3,3.90625,2.776949,2.78,MEASURED,0.109863,AFTER_FIRST_QKD_FAILURE,0,60,3000,235,2765,7.833333,0,0,YES
1,256,128,128,50,4,3.90625,2.776949,2.78,MEASURED,0.109863,AFTER_FIRST_QKD_FAILURE,0,60,3000,235,2765,7.833333,0,0,YES
1,256,128,128,50,5,3.90625,2.776949,2.78,MEASURED,0.109863,AFTER_FIRST_QKD_FAILURE,0,60,3000,235,2765,7.833333,0,0,YES
1,256,16,16,100,1,3.90625,0.166504,0.17,MEASURED,2.099609,AFTER_FIRST_QKD_FAILURE,0,60,6000,235,5765,3.916667,0,0,YES
1,256,16,16,100,2,3.90625,0.166504,0.17,MEASURED,2.099609,AFTER_FIRST_QKD_FAILURE,0,60,6000,235,5765,3.916667,0,0,YES
1,256,16,16,100,3,3.90625,0.166504,0.17,MEASURED,2.099609,AFTER_FIRST_QKD_FAILURE,0,60,6000,235,5765,3.916667,0,0,YES
1,256,16,16,100,4,3.90625,0.166504,0.17,MEASURED,2.099609,AFTER_FIRST_QKD_FAILURE,0,60,6000,235,5765,3.916667,0,0,YES
1,256,16,16,100,5,3.90625,0.166504,0.17,MEASURED,2.099609,AFTER_FIRST_QKD_FAILURE,0,60,6000,235,5765,3.916667,0,0,YES
1,256,64,64,100,1,3.90625,0.666016,0.67,MEASURED,0.598145,AFTER_FIRST_QKD_FAILURE,0,60,6000,234,5766,3.9,0,0,YES
1,256,64,64,100,2,3.90625,0.666016,0.67,MEASURED,0.598145,AFTER_FIRST_QKD_FAILURE,0,60,6000,234,5766,3.9,0,0,YES
1,256,64,64,100,3,3.90625,0.666016,0.67,MEASURED,0.598145,AFTER_FIRST_QKD_FAILURE,0,60,6000,234,5766,3.9,0,0,YES
1,256,64,64,100,4,3.90625,0.666016,0.67,MEASURED,0.598145,AFTER_FIRST_QKD_FAILURE,0,60,6000,234,5766,3.9,0,0,YES
1,256,64,64,100,5,3.90625,0.666016,0.67,MEASURED,0.598145,AFTER_FIRST_QKD_FAILURE,0,60,6000,234,5766,3.9,0,0,YES
1,256,128,128,100,1,3.90625,1.332033,1.34,MEASURED,0.598145,AFTER_FIRST_QKD_FAILURE,0,60,6000,234,5766,3.9,0,0,YES
1,256,128,128,100,2,3.90625,1.332033,1.34,MEASURED,0.598145,AFTER_FIRST_QKD_FAILURE,0,60,6000,234,5766,3.9,0,0,YES
1,256,128,128,100,3,3.90625,1.332033,1.34,MEASURED,0.598145,AFTER_FIRST_QKD_FAILURE,0,60,6000,234,5766,3.9,0,0,YES
1,256,128,128,100,4,3.90625,1.332033,1.34,MEASURED,0.598145,AFTER_FIRST_QKD_FAILURE,0,60,6000,234,5766,3.9,0,0,YES
1,256,128,128,100,5,3.90625,1.332033,1.34,MEASURED,0.598145,AFTER_FIRST_QKD_FAILURE,0,60,6000,234,5766,3.9,0,0,YES
10,256,16,16,1,1,39.0625,,,NOT_APPLICABLE,,AFTER_10S_WARMUP,10,60,60,60,0,100,15,93.75,NO
10,256,16,16,1,2,39.0625,,,NOT_APPLICABLE,,AFTER_10S_WARMUP,10,60,60,60,0,100,15,93.75,NO
10,256,16,16,1,3,39.0625,,,NOT_APPLICABLE,,AFTER_10S_WARMUP,10,60,60,60,0,100,15,93.75,NO
10,256,16,16,1,4,39.0625,,,NOT_APPLICABLE,,AFTER_10S_WARMUP,10,60,60,60,0,100,15,93.75,NO
10,256,16,16,1,5,39.0625,,,NOT_APPLICABLE,,AFTER_10S_WARMUP,10,60,60,60,0,100,15,93.75,NO
10,256,64,64,1,1,39.0625,,,NOT_APPLICABLE,,AFTER_10S_WARMUP,10,60,60,60,0,100,63,98.4375,NO
10,256,64,64,1,2,39.0625,,,NOT_APPLICABLE,,AFTER_10S_WARMUP,10,60,60,60,0,100,63,98.4375,NO
10,256,64,64,1,3,39.0625,,,NOT_APPLICABLE,,AFTER_10S_WARMUP,10,60,60,60,0,100,63,98.4375,NO
10,256,64,64,1,4,39.0625,,,NOT_APPLICABLE,,AFTER_10S_WARMUP,10,60,60,60,0,100,63,98.4375,NO
10,256,64,64,1,5,39.0625,,,NOT_APPLICABLE,,AFTER_10S_WARMUP,10,60,60,60,0,100,63,98.4375,NO
10,256,128,128,1,1,39.0625,,,NOT_APPLICABLE,,AFTER_10S_WARMUP,10,60,60,60,0,100,127,99.21875,NO
10,256,128,128,1,2,39.0625,,,NOT_APPLICABLE,,AFTER_10S_WARMUP,10,60,60,60,0,100,127,99.21875,NO
10,256,128,128,1,3,39.0625,,,NOT_APPLICABLE,,AFTER_10S_WARMUP,10,60,60,60,0,100,127,99.21875,NO
10,256,128,128,1,4,39.0625,,,NOT_APPLICABLE,,AFTER_10S_WARMUP,10,60,60,60,0,100,127,99.21875,NO
10,256,128,128,1,5,39.0625,,,NOT_APPLICABLE,,AFTER_10S_WARMUP,10,60,60,60,0,100,127,99.21875,NO
10,256,16,16,5,1,39.0625,,,NOT_APPLICABLE,,AFTER_10S_WARMUP,10,60,300,300,0,100,15,93.75,NO
10,256,16,16,5,2,39.0625,,,NOT_APPLICABLE,,AFTER_10S_WARMUP,10,60,300,300,0,100,15,93.75,NO
10,256,16,16,5,3,39.0625,,,NOT_APPLICABLE,,AFTER_10S_WARMUP,10,60,300,300,0,100,15,93.75,NO
10,256,16,16,5,4,39.0625,,,NOT_APPLICABLE,,AFTER_10S_WARMUP,10,60,300,300,0,100,15,93.75,NO
10,256,16,16,5,5,39.0625,,,NOT_APPLICABLE,,AFTER_10S_WARMUP,10,60,300,300,0,100,15,93.75,NO
10,256,64,64,5,1,39.0625,,,NOT_APPLICABLE,,AFTER_10S_WARMUP,10,60,300,300,0,100,63,98.4375,NO
10,256,64,64,5,2,39.0625,,,NOT_APPLICABLE,,AFTER_10S_WARMUP,10,60,300,300,0,100,63,98.4375,NO
10,256,64,64,5,3,39.0625,,,NOT_APPLICABLE,,AFTER_10S_WARMUP,10,60,300,300,0,100,63,98.4375,NO
10,256,64,64,5,4,39.0625,,,NOT_APPLICABLE,,AFTER_10S_WARMUP,10,60,300,300,0,100,63,98.4375,NO
10,256,64,64,5,5,39.0625,,,NOT_APPLICABLE,,AFTER_10S_WARMUP,10,60,300,300,0,100,63,98.4375,NO
10,256,128,128,5,1,39.0625,,,NOT_APPLICABLE,,AFTER_10S_WARMUP,10,60,300,300,0,100,127,99.21875,NO
10,256,128,128,5,2,39.0625,,,NOT_APPLICABLE,,AFTER_10S_WARMUP,10,60,300,300,0,100,127,99.21875,NO
10,256,128,128,5,3,39.0625,,,NOT_APPLICABLE,,AFTER_10S_WARMUP,10,60,300,300,0,100,127,99.21875,NO
10,256,128,128,5,4,39.0625,,,NOT_APPLICABLE,,AFTER_10S_WARMUP,10,60,300,300,0,100,127,99.21875,NO
10,256,128,128,5,5,39.0625,,,NOT_APPLICABLE,,AFTER_10S_WARMUP,10,60,300,300,0,100,127,99.21875,NO
10,256,16,16,10,1,39.0625,,,NOT_APPLICABLE,,AFTER_10S_WARMUP,10,60,600,600,0,100,15,93.75,NO
10,256,16,16,10,2,39.0625,,,NOT_APPLICABLE,,AFTER_10S_WARMUP,10,60,600,600,0,100,15,93.75,NO
10,256,16,16,10,3,39.0625,,,NOT_APPLICABLE,,AFTER_10S_WARMUP,10,60,600,600,0,100,15,93.75,NO
10,256,16,16,10,4,39.0625,,,NOT_APPLICABLE,,AFTER_10S_WARMUP,10,60,600,600,0,100,15,93.75,NO
10,256,16,16,10,5,39.0625,,,NOT_APPLICABLE,,AFTER_10S_WARMUP,10,60,600,600,0,100,15,93.75,NO
10,256,64,64,10,1,39.0625,,,NOT_APPLICABLE,,AFTER_10S_WARMUP,10,60,600,600,0,100,63,98.4375,NO
10,256,64,64,10,2,39.0625,,,NOT_APPLICABLE,,AFTER_10S_WARMUP,10,60,600,600,0,100,63,98.4375,NO
10,256,64,64,10,3,39.0625,,,NOT_APPLICABLE,,AFTER_10S_WARMUP,10,60,600,600,0,100,63,98.4375,NO
10,256,64,64,10,4,39.0625,,,NOT_APPLICABLE,,AFTER_10S_WARMUP,10,60,600,600,0,100,63,98.4375,NO
10,256,64,64,10,5,39.0625,,,NOT_APPLICABLE,,AFTER_10S_WARMUP,10,60,600,600,0,100,63,98.4375,NO
10,256,128,128,10,1,39.0625,,,NOT_APPLICABLE,,AFTER_10S_WARMUP,10,60,600,600,0,100,127,99.21875,NO
10,256,128,128,10,2,39.0625,,,NOT_APPLICABLE,,AFTER_10S_WARMUP,10,60,600,600,0,100,127,99.21875,NO
10,256,128,128,10,3,39.0625,,,NOT_APPLICABLE,,AFTER_10S_WARMUP,10,60,600,600,0,100,127,99.21875,NO
10,256,128,128,10,4,39.0625,,,NOT_APPLICABLE,,AFTER_10S_WARMUP,10,60,600,600,0,100,127,99.21875,NO
10,256,128,128,10,5,39.0625,,,NOT_APPLICABLE,,AFTER_10S_WARMUP,10,60,600,600,0,100,127,99.21875,NO
10,256,16,16,20,1,39.0625,,,NOT_APPLICABLE,,AFTER_10S_WARMUP,10,60,1200,1200,0,100,15,93.75,NO
10,256,16,16,20,2,39.0625,,,NOT_APPLICABLE,,AFTER_10S_WARMUP,10,60,1200,1200,0,100,15,93.75,NO
10,256,16,16,20,3,39.0625,,,NOT_APPLICABLE,,AFTER_10S_WARMUP,10,60,1200,1200,0,100,15,93.75,NO
10,256,16,16,20,4,39.0625,,,NOT_APPLICABLE,,AFTER_10S_WARMUP,10,60,1200,1200,0,100,15,93.75,NO
10,256,16,16,20,5,39.0625,,,NOT_APPLICABLE,,AFTER_10S_WARMUP,10,60,1200,1200,0,100,15,93.75,NO
10,256,64,64,20,1,39.0625,,,NOT_APPLICABLE,,AFTER_10S_WARMUP,10,60,1200,1200,0,100,63,98.4375,NO
10,256,64,64,20,2,39.0625,,,NOT_APPLICABLE,,AFTER_10S_WARMUP,10,60,1200,1200,0,100,63,98.4375,NO
10,256,64,64,20,3,39.0625,,,NOT_APPLICABLE,,AFTER_10S_WARMUP,10,60,1200,1200,0,100,63,98.4375,NO
10,256,64,64,20,4,39.0625,,,NOT_APPLICABLE,,AFTER_10S_WARMUP,10,60,1200,1200,0,100,63,98.4375,NO
10,256,64,64,20,5,39.0625,,,NOT_APPLICABLE,,AFTER_10S_WARMUP,10,60,1200,1200,0,100,63,98.4375,NO
10,256,128,128,20,1,39.0625,,,NOT_APPLICABLE,,AFTER_10S_WARMUP,10,60,1200,1200,0,100,127,99.21875,NO
10,256,128,128,20,2,39.0625,,,NOT_APPLICABLE,,AFTER_10S_WARMUP,10,60,1200,1200,0,100,127,99.21875,NO
10,256,128,128,20,3,39.0625,,,NOT_APPLICABLE,,AFTER_10S_WARMUP,10,60,1200,1200,0,100,127,99.21875,NO
10,256,128,128,20,4,39.0625,,,NOT_APPLICABLE,,AFTER_10S_WARMUP,10,60,1200,1200,0,100,127,99.21875,NO
10,256,128,128,20,5,39.0625,,,NOT_APPLICABLE,,AFTER_10S_WARMUP,10,60,1200,1200,0,100,127,99.21875,NO
10,256,16,16,50,1,39.0625,1.462857,1.48,MEASURED,1.171875,AFTER_FIRST_QKD_FAILURE,0,60,3000,2344,656,78.133333,0,0,YES
10,256,16,16,50,2,39.0625,1.462857,1.48,MEASURED,1.171875,AFTER_FIRST_QKD_FAILURE,0,60,3000,2344,656,78.133333,0,0,YES
10,256,16,16,50,3,39.0625,1.462857,1.48,MEASURED,1.171875,AFTER_FIRST_QKD_FAILURE,0,60,3000,2344,656,78.133333,0,0,YES
10,256,16,16,50,4,39.0625,1.462857,1.48,MEASURED,1.171875,AFTER_FIRST_QKD_FAILURE,0,60,3000,2344,656,78.133333,0,0,YES
10,256,16,16,50,5,39.0625,1.462857,1.48,MEASURED,1.171875,AFTER_FIRST_QKD_FAILURE,0,60,3000,2344,656,78.133333,0,0,YES
10,256,64,64,50,1,39.0625,5.851429,5.86,MEASURED,0.146484,AFTER_FIRST_QKD_FAILURE,0,60,3000,2344,656,78.133333,0,0,YES
10,256,64,64,50,2,39.0625,5.851429,5.86,MEASURED,0.146484,AFTER_FIRST_QKD_FAILURE,0,60,3000,2344,656,78.133333,0,0,YES
10,256,64,64,50,3,39.0625,5.851429,5.86,MEASURED,0.146484,AFTER_FIRST_QKD_FAILURE,0,60,3000,2344,656,78.133333,0,0,YES
10,256,64,64,50,4,39.0625,5.851429,5.86,MEASURED,0.146484,AFTER_FIRST_QKD_FAILURE,0,60,3000,2344,656,78.133333,0,0,YES
10,256,64,64,50,5,39.0625,5.851429,5.86,MEASURED,0.146484,AFTER_FIRST_QKD_FAILURE,0,60,3000,2344,656,78.133333,0,0,YES
10,256,128,128,50,1,39.0625,11.702857,11.72,MEASURED,0.146484,AFTER_FIRST_QKD_FAILURE,0,60,3000,2344,656,78.133333,0,0,YES
10,256,128,128,50,2,39.0625,11.702857,11.72,MEASURED,0.146484,AFTER_FIRST_QKD_FAILURE,0,60,3000,2344,656,78.133333,0,0,YES
10,256,128,128,50,3,39.0625,11.702857,11.72,MEASURED,0.146484,AFTER_FIRST_QKD_FAILURE,0,60,3000,2344,656,78.133333,0,0,YES
10,256,128,128,50,4,39.0625,11.702857,11.72,MEASURED,0.146484,AFTER_FIRST_QKD_FAILURE,0,60,3000,2344,656,78.133333,0,0,YES
10,256,128,128,50,5,39.0625,11.702857,11.72,MEASURED,0.146484,AFTER_FIRST_QKD_FAILURE,0,60,3000,2344,656,78.133333,0,0,YES
10,256,16,16,100,1,39.0625,0.262564,0.27,MEASURED,2.832031,AFTER_FIRST_QKD_FAILURE,0,60,6000,2344,3656,39.066667,0,0,YES
10,256,16,16,100,2,39.0625,0.262564,0.27,MEASURED,2.832031,AFTER_FIRST_QKD_FAILURE,0,60,6000,2344,3656,39.066667,0,0,YES
10,256,16,16,100,3,39.0625,0.262564,0.27,MEASURED,2.832031,AFTER_FIRST_QKD_FAILURE,0,60,6000,2344,3656,39.066667,0,0,YES
10,256,16,16,100,4,39.0625,0.262564,0.27,MEASURED,2.832031,AFTER_FIRST_QKD_FAILURE,0,60,6000,2344,3656,39.066667,0,0,YES
10,256,16,16,100,5,39.0625,0.262564,0.27,MEASURED,2.832031,AFTER_FIRST_QKD_FAILURE,0,60,6000,2344,3656,39.066667,0,0,YES
10,256,64,64,100,1,39.0625,1.050256,1.06,MEASURED,0.927734,AFTER_FIRST_QKD_FAILURE,0,60,6000,2344,3656,39.066667,0,0,YES
10,256,64,64,100,2,39.0625,1.050256,1.06,MEASURED,0.927734,AFTER_FIRST_QKD_FAILURE,0,60,6000,2344,3656,39.066667,0,0,YES
10,256,64,64,100,3,39.0625,1.050256,1.06,MEASURED,0.927734,AFTER_FIRST_QKD_FAILURE,0,60,6000,2344,3656,39.066667,0,0,YES
10,256,64,64,100,4,39.0625,1.050256,1.06,MEASURED,0.927734,AFTER_FIRST_QKD_FAILURE,0,60,6000,2344,3656,39.066667,0,0,YES
10,256,64,64,100,5,39.0625,1.050256,1.06,MEASURED,0.927734,AFTER_FIRST_QKD_FAILURE,0,60,6000,2344,3656,39.066667,0,0,YES
10,256,128,128,100,1,39.0625,2.100513,2.11,MEASURED,0.45166,AFTER_FIRST_QKD_FAILURE,0,60,6000,2344,3656,39.066667,0,0,YES
10,256,128,128,100,2,39.0625,2.100513,2.11,MEASURED,0.45166,AFTER_FIRST_QKD_FAILURE,0,60,6000,2344,3656,39.066667,0,0,YES
10,256,128,128,100,3,39.0625,2.100513,2.11,MEASURED,0.45166,AFTER_FIRST_QKD_FAILURE,0,60,6000,2344,3656,39.066667,0,0,YES
10,256,128,128,100,4,39.0625,2.100513,2.11,MEASURED,0.45166,AFTER_FIRST_QKD_FAILURE,0,60,6000,2344,3656,39.066667,0,0,YES
10,256,128,128,100,5,39.0625,2.100513,2.11,MEASURED,0.45166,AFTER_FIRST_QKD_FAILURE,0,60,6000,2344,3656,39.066667,0,0,YES
100,256,16,16,1,1,390.625,,,NOT_APPLICABLE,,AFTER_10S_WARMUP,10,60,60,60,0,100,15,93.75,NO
100,256,16,16,1,2,390.625,,,NOT_APPLICABLE,,AFTER_10S_WARMUP,10,60,60,60,0,100,15,93.75,NO
100,256,16,16,1,3,390.625,,,NOT_APPLICABLE,,AFTER_10S_WARMUP,10,60,60,60,0,100,15,93.75,NO
100,256,16,16,1,4,390.625,,,NOT_APPLICABLE,,AFTER_10S_WARMUP,10,60,60,60,0,100,15,93.75,NO
100,256,16,16,1,5,390.625,,,NOT_APPLICABLE,,AFTER_10S_WARMUP,10,60,60,60,0,100,15,93.75,NO
100,256,64,64,1,1,390.625,,,NOT_APPLICABLE,,AFTER_10S_WARMUP,10,60,60,60,0,100,63,98.4375,NO
100,256,64,64,1,2,390.625,,,NOT_APPLICABLE,,AFTER_10S_WARMUP,10,60,60,60,0,100,63,98.4375,NO
100,256,64,64,1,3,390.625,,,NOT_APPLICABLE,,AFTER_10S_WARMUP,10,60,60,60,0,100,63,98.4375,NO
100,256,64,64,1,4,390.625,,,NOT_APPLICABLE,,AFTER_10S_WARMUP,10,60,60,60,0,100,63,98.4375,NO
100,256,64,64,1,5,390.625,,,NOT_APPLICABLE,,AFTER_10S_WARMUP,10,60,60,60,0,100,63,98.4375,NO
100,256,128,128,1,1,390.625,,,NOT_APPLICABLE,,AFTER_10S_WARMUP,10,60,60,60,0,100,127,99.21875,NO
100,256,128,128,1,2,390.625,,,NOT_APPLICABLE,,AFTER_10S_WARMUP,10,60,60,60,0,100,127,99.21875,NO
100,256,128,128,1,3,390.625,,,NOT_APPLICABLE,,AFTER_10S_WARMUP,10,60,60,60,0,100,127,99.21875,NO
100,256,128,128,1,4,390.625,,,NOT_APPLICABLE,,AFTER_10S_WARMUP,10,60,60,60,0,100,127,99.21875,NO
100,256,128,128,1,5,390.625,,,NOT_APPLICABLE,,AFTER_10S_WARMUP,10,60,60,60,0,100,127,99.21875,NO
100,256,16,16,5,1,390.625,,,NOT_APPLICABLE,,AFTER_10S_WARMUP,10,60,300,300,0,100,15,93.75,NO
100,256,16,16,5,2,390.625,,,NOT_APPLICABLE,,AFTER_10S_WARMUP,10,60,300,300,0,100,15,93.75,NO
100,256,16,16,5,3,390.625,,,NOT_APPLICABLE,,AFTER_10S_WARMUP,10,60,300,300,0,100,15,93.75,NO
100,256,16,16,5,4,390.625,,,NOT_APPLICABLE,,AFTER_10S_WARMUP,10,60,300,300,0,100,15,93.75,NO
100,256,16,16,5,5,390.625,,,NOT_APPLICABLE,,AFTER_10S_WARMUP,10,60,300,300,0,100,15,93.75,NO
100,256,64,64,5,1,390.625,,,NOT_APPLICABLE,,AFTER_10S_WARMUP,10,60,300,300,0,100,63,98.4375,NO
100,256,64,64,5,2,390.625,,,NOT_APPLICABLE,,AFTER_10S_WARMUP,10,60,300,300,0,100,63,98.4375,NO
100,256,64,64,5,3,390.625,,,NOT_APPLICABLE,,AFTER_10S_WARMUP,10,60,300,300,0,100,63,98.4375,NO
100,256,64,64,5,4,390.625,,,NOT_APPLICABLE,,AFTER_10S_WARMUP,10,60,300,300,0,100,63,98.4375,NO
100,256,64,64,5,5,390.625,,,NOT_APPLICABLE,,AFTER_10S_WARMUP,10,60,300,300,0,100,63,98.4375,NO
100,256,128,128,5,1,390.625,,,NOT_APPLICABLE,,AFTER_10S_WARMUP,10,60,300,300,0,100,127,99.21875,NO
100,256,128,128,5,2,390.625,,,NOT_APPLICABLE,,AFTER_10S_WARMUP,10,60,300,300,0,100,127,99.21875,NO
100,256,128,128,5,3,390.625,,,NOT_APPLICABLE,,AFTER_10S_WARMUP,10,60,300,300,0,100,127,99.21875,NO
100,256,128,128,5,4,390.625,,,NOT_APPLICABLE,,AFTER_10S_WARMUP,10,60,300,300,0,100,127,99.21875,NO
100,256,128,128,5,5,390.625,,,NOT_APPLICABLE,,AFTER_10S_WARMUP,10,60,300,300,0,100,127,99.21875,NO
100,256,16,16,10,1,390.625,,,NOT_APPLICABLE,,AFTER_10S_WARMUP,10,60,600,600,0,100,15,93.75,NO
100,256,16,16,10,2,390.625,,,NOT_APPLICABLE,,AFTER_10S_WARMUP,10,60,600,600,0,100,15,93.75,NO
100,256,16,16,10,3,390.625,,,NOT_APPLICABLE,,AFTER_10S_WARMUP,10,60,600,600,0,100,15,93.75,NO
100,256,16,16,10,4,390.625,,,NOT_APPLICABLE,,AFTER_10S_WARMUP,10,60,600,600,0,100,15,93.75,NO
100,256,16,16,10,5,390.625,,,NOT_APPLICABLE,,AFTER_10S_WARMUP,10,60,600,600,0,100,15,93.75,NO
100,256,64,64,10,1,390.625,,,NOT_APPLICABLE,,AFTER_10S_WARMUP,10,60,600,600,0,100,63,98.4375,NO
100,256,64,64,10,2,390.625,,,NOT_APPLICABLE,,AFTER_10S_WARMUP,10,60,600,600,0,100,63,98.4375,NO
100,256,64,64,10,3,390.625,,,NOT_APPLICABLE,,AFTER_10S_WARMUP,10,60,600,600,0,100,63,98.4375,NO
100,256,64,64,10,4,390.625,,,NOT_APPLICABLE,,AFTER_10S_WARMUP,10,60,600,600,0,100,63,98.4375,NO
100,256,64,64,10,5,390.625,,,NOT_APPLICABLE,,AFTER_10S_WARMUP,10,60,600,600,0,100,63,98.4375,NO
100,256,128,128,10,1,390.625,,,NOT_APPLICABLE,,AFTER_10S_WARMUP,10,60,600,600,0,100,127,99.21875,NO
100,256,128,128,10,2,390.625,,,NOT_APPLICABLE,,AFTER_10S_WARMUP,10,60,600,600,0,100,127,99.21875,NO
100,256,128,128,10,3,390.625,,,NOT_APPLICABLE,,AFTER_10S_WARMUP,10,60,600,600,0,100,127,99.21875,NO
100,256,128,128,10,4,390.625,,,NOT_APPLICABLE,,AFTER_10S_WARMUP,10,60,600,600,0,100,127,99.21875,NO
100,256,128,128,10,5,390.625,,,NOT_APPLICABLE,,AFTER_10S_WARMUP,10,60,600,600,0,100,127,99.21875,NO
100,256,16,16,20,1,390.625,,,NOT_APPLICABLE,,AFTER_10S_WARMUP,10,60,1200,1200,0,100,15,93.75,NO
100,256,16,16,20,2,390.625,,,NOT_APPLICABLE,,AFTER_10S_WARMUP,10,60,1200,1200,0,100,15,93.75,NO
100,256,16,16,20,3,390.625,,,NOT_APPLICABLE,,AFTER_10S_WARMUP,10,60,1200,1200,0,100,15,93.75,NO
100,256,16,16,20,4,390.625,,,NOT_APPLICABLE,,AFTER_10S_WARMUP,10,60,1200,1200,0,100,15,93.75,NO
100,256,16,16,20,5,390.625,,,NOT_APPLICABLE,,AFTER_10S_WARMUP,10,60,1200,1200,0,100,15,93.75,NO
100,256,64,64,20,1,390.625,,,NOT_APPLICABLE,,AFTER_10S_WARMUP,10,60,1200,1200,0,100,63,98.4375,NO
100,256,64,64,20,2,390.625,,,NOT_APPLICABLE,,AFTER_10S_WARMUP,10,60,1200,1200,0,100,63,98.4375,NO
100,256,64,64,20,3,390.625,,,NOT_APPLICABLE,,AFTER_10S_WARMUP,10,60,1200,1200,0,100,63,98.4375,NO
100,256,64,64,20,4,390.625,,,NOT_APPLICABLE,,AFTER_10S_WARMUP,10,60,1200,1200,0,100,63,98.4375,NO
100,256,64,64,20,5,390.625,,,NOT_APPLICABLE,,AFTER_10S_WARMUP,10,60,1200,1200,0,100,63,98.4375,NO
100,256,128,128,20,1,390.625,,,NOT_APPLICABLE,,AFTER_10S_WARMUP,10,60,1200,1200,0,100,127,99.21875,NO
100,256,128,128,20,2,390.625,,,NOT_APPLICABLE,,AFTER_10S_WARMUP,10,60,1200,1200,0,100,127,99.21875,NO
100,256,128,128,20,3,390.625,,,NOT_APPLICABLE,,AFTER_10S_WARMUP,10,60,1200,1200,0,100,127,99.21875,NO
100,256,128,128,20,4,390.625,,,NOT_APPLICABLE,,AFTER_10S_WARMUP,10,60,1200,1200,0,100,127,99.21875,NO
100,256,128,128,20,5,390.625,,,NOT_APPLICABLE,,AFTER_10S_WARMUP,10,60,1200,1200,0,100,127,99.21875,NO
100,256,16,16,50,1,390.625,,,NOT_APPLICABLE,,AFTER_10S_WARMUP,10,60,3000,3000,0,100,15,93.75,NO
100,256,16,16,50,2,390.625,,,NOT_APPLICABLE,,AFTER_10S_WARMUP,10,60,3000,3000,0,100,15,93.75,NO
100,256,16,16,50,3,390.625,,,NOT_APPLICABLE,,AFTER_10S_WARMUP,10,60,3000,3000,0,100,15,93.75,NO
100,256,16,16,50,4,390.625,,,NOT_APPLICABLE,,AFTER_10S_WARMUP,10,60,3000,3000,0,100,15,93.75,NO
100,256,16,16,50,5,390.625,,,NOT_APPLICABLE,,AFTER_10S_WARMUP,10,60,3000,3000,0,100,15,93.75,NO
100,256,64,64,50,1,390.625,,,NOT_APPLICABLE,,AFTER_10S_WARMUP,10,60,3000,3000,0,100,63,98.4375,NO
100,256,64,64,50,2,390.625,,,NOT_APPLICABLE,,AFTER_10S_WARMUP,10,60,3000,3000,0,100,63,98.4375,NO
100,256,64,64,50,3,390.625,,,NOT_APPLICABLE,,AFTER_10S_WARMUP,10,60,3000,3000,0,100,63,98.4375,NO
100,256,64,64,50,4,390.625,,,NOT_APPLICABLE,,AFTER_10S_WARMUP,10,60,3000,3000,0,100,63,98.4375,NO
100,256,64,64,50,5,390.625,,,NOT_APPLICABLE,,AFTER_10S_WARMUP,10,60,3000,3000,0,100,63,98.4375,NO
100,256,128,128,50,1,390.625,,,NOT_APPLICABLE,,AFTER_10S_WARMUP,10,60,3000,3000,0,100,127,99.21875,NO
100,256,128,128,50,2,390.625,,,NOT_APPLICABLE,,AFTER_10S_WARMUP,10,60,3000,3000,0,100,127,99.21875,NO
100,256,128,128,50,3,390.625,,,NOT_APPLICABLE,,AFTER_10S_WARMUP,10,60,3000,3000,0,100,127,99.21875,NO
100,256,128,128,50,4,390.625,,,NOT_APPLICABLE,,AFTER_10S_WARMUP,10,60,3000,3000,0,100,127,99.21875,NO
100,256,128,128,50,5,390.625,,,NOT_APPLICABLE,,AFTER_10S_WARMUP,10,60,3000,3000,0,100,127,99.21875,NO
100,256,16,16,100,1,390.625,,,NOT_APPLICABLE,,AFTER_10S_WARMUP,10,60,6000,6000,0,100,15,93.75,NO
100,256,16,16,100,2,390.625,,,NOT_APPLICABLE,,AFTER_10S_WARMUP,10,60,6000,6000,0,100,15,93.75,NO
100,256,16,16,100,3,390.625,,,NOT_APPLICABLE,,AFTER_10S_WARMUP,10,60,6000,6000,0,100,15,93.75,NO
100,256,16,16,100,4,390.625,,,NOT_APPLICABLE,,AFTER_10S_WARMUP,10,60,6000,6000,0,100,15,93.75,NO
100,256,16,16,100,5,390.625,,,NOT_APPLICABLE,,AFTER_10S_WARMUP,10,60,6000,6000,0,100,15,93.75,NO
100,256,64,64,100,1,390.625,,,NOT_APPLICABLE,,AFTER_10S_WARMUP,10,60,6000,6000,0,100,63,98.4375,NO
100,256,64,64,100,2,390.625,,,NOT_APPLICABLE,,AFTER_10S_WARMUP,10,60,6000,6000,0,100,63,98.4375,NO
100,256,64,64,100,3,390.625,,,NOT_APPLICABLE,,AFTER_10S_WARMUP,10,60,6000,6000,0,100,63,98.4375,NO
100,256,64,64,100,4,390.625,,,NOT_APPLICABLE,,AFTER_10S_WARMUP,10,60,6000,6000,0,100,63,98.4375,NO
100,256,64,64,100,5,390.625,,,NOT_APPLICABLE,,AFTER_10S_WARMUP,10,60,6000,6000,0,100,63,98.4375,NO
100,256,128,128,100,1,390.625,,,NOT_APPLICABLE,,AFTER_10S_WARMUP,10,60,6000,6000,0,100,127,99.21875,NO
100,256,128,128,100,2,390.625,,,NOT_APPLICABLE,,AFTER_10S_WARMUP,10,60,6000,6000,0,100,127,99.21875,NO
100,256,128,128,100,3,390.625,,,NOT_APPLICABLE,,AFTER_10S_WARMUP,10,60,6000,6000,0,100,127,99.21875,NO
100,256,128,128,100,4,390.625,,,NOT_APPLICABLE,,AFTER_10S_WARMUP,10,60,6000,6000,0,100,127,99.21875,NO
100,256,128,128,100,5,390.625,,,NOT_APPLICABLE,,AFTER_10S_WARMUP,10,60,6000,6000,0,100,127,99.21875,NO
