policy,rate_limit_per_peer,admission_threshold,allow_explicit_fallback,qkd_supply_rate_kbps,handshake_rate_req_s,pool_depth_keys,repeat,measurement_seconds,attempts,hybrid_qkd,pqc_only,rejected,hybrid_qkd_pct,pqc_only_pct,rejected_pct,completed_pct,fallback_quota_exceeded,fallback_admission_control,fallback_qkd_unavailable,qkd_keys_consumed,heavy_peer_attempts,heavy_peer_hybrid_qkd_pct,light_peers_attempts,light_peers_hybrid_qkd_pct,completed_latency_median_ms,completed_latency_p95_ms,rejected_latency_median_ms,min_pool_occupancy_keys,final_pool_occupancy_keys
uncontrolled_explicit_downgrade,0,0,TRUE,1,1,128,1,30,30,30,0,0,100,0,0,100,0,0,0,30,15,100,15,100,1.5072,1.5855,,127,127
uncontrolled_explicit_downgrade,0,0,TRUE,1,1,128,2,30,30,30,0,0,100,0,0,100,0,0,0,30,15,100,15,100,1.5118,1.7735,,127,127
uncontrolled_explicit_downgrade,0,0,TRUE,1,1,128,3,30,30,30,0,0,100,0,0,100,0,0,0,30,15,100,15,100,1.4965,1.687,,127,127
uncontrolled_explicit_downgrade,0,0,TRUE,1,5,128,1,30,150,150,0,0,100,0,0,100,0,0,0,150,75,100,75,100,1.496,1.6745,,95,95
uncontrolled_explicit_downgrade,0,0,TRUE,1,5,128,2,30,150,150,0,0,100,0,0,100,0,0,0,150,75,100,75,100,1.5051,1.9223,,95,95
uncontrolled_explicit_downgrade,0,0,TRUE,1,5,128,3,30,150,150,0,0,100,0,0,100,0,0,0,150,75,100,75,100,1.5083,2.1352,,95,95
uncontrolled_explicit_downgrade,0,0,TRUE,1,10,128,1,30,300,245,55,0,81.6667,18.3333,0,100,0,0,55,245,150,82,150,81.3333,1.4996,1.811,,0,0
uncontrolled_explicit_downgrade,0,0,TRUE,1,10,128,2,30,300,245,55,0,81.6667,18.3333,0,100,0,0,55,245,150,82,150,81.3333,1.5387,2.1671,,0,0
uncontrolled_explicit_downgrade,0,0,TRUE,1,10,128,3,30,300,245,55,0,81.6667,18.3333,0,100,0,0,55,245,150,82,150,81.3333,1.5392,2.0889,,0,0
uncontrolled_explicit_downgrade,0,0,TRUE,1,20,128,1,30,600,245,355,0,40.8333,59.1667,0,100,0,0,355,245,300,41.3333,300,40.3333,1.5803,3.4493,,0,0
uncontrolled_explicit_downgrade,0,0,TRUE,1,20,128,2,30,600,245,355,0,40.8333,59.1667,0,100,0,0,355,245,300,41.3333,300,40.3333,1.53,3.4814,,0,0
uncontrolled_explicit_downgrade,0,0,TRUE,1,20,128,3,30,600,245,355,0,40.8333,59.1667,0,100,0,0,355,245,300,41.3333,300,40.3333,1.5134,3.4873,,0,0
uncontrolled_explicit_downgrade,0,0,TRUE,1,50,128,1,30,1500,245,1255,0,16.3333,83.6667,0,100,0,0,1255,245,750,15.0667,750,17.6,1.6696,3.6786,,0,0
uncontrolled_explicit_downgrade,0,0,TRUE,1,50,128,2,30,1500,245,1255,0,16.3333,83.6667,0,100,0,0,1255,245,750,15.0667,750,17.6,1.5978,3.6296,,0,0
uncontrolled_explicit_downgrade,0,0,TRUE,1,50,128,3,30,1500,245,1255,0,16.3333,83.6667,0,100,0,0,1255,245,750,15.0667,750,17.6,1.5463,3.5092,,0,0
uncontrolled_explicit_downgrade,0,0,TRUE,1,100,128,1,30,3000,245,2755,0,8.1667,91.8333,0,100,0,0,2755,245,1500,8.0667,1500,8.2667,1.4994,2.5845,,0,0
uncontrolled_explicit_downgrade,0,0,TRUE,1,100,128,2,30,3000,245,2755,0,8.1667,91.8333,0,100,0,0,2755,245,1500,8.0667,1500,8.2667,1.4893,2.2981,,0,0
uncontrolled_explicit_downgrade,0,0,TRUE,1,100,128,3,30,3000,245,2755,0,8.1667,91.8333,0,100,0,0,2755,245,1500,8.0667,1500,8.2667,1.4968,2.3583,,0,0
uncontrolled_explicit_downgrade,0,0,TRUE,10,1,128,1,30,30,30,0,0,100,0,0,100,0,0,0,30,15,100,15,100,1.4954,1.5547,,127,127
uncontrolled_explicit_downgrade,0,0,TRUE,10,1,128,2,30,30,30,0,0,100,0,0,100,0,0,0,30,15,100,15,100,1.5094,1.7001,,127,127
uncontrolled_explicit_downgrade,0,0,TRUE,10,1,128,3,30,30,30,0,0,100,0,0,100,0,0,0,30,15,100,15,100,1.572,2.2717,,127,127
uncontrolled_explicit_downgrade,0,0,TRUE,10,5,128,1,30,150,150,0,0,100,0,0,100,0,0,0,150,75,100,75,100,1.5069,1.9188,,127,127
uncontrolled_explicit_downgrade,0,0,TRUE,10,5,128,2,30,150,150,0,0,100,0,0,100,0,0,0,150,75,100,75,100,1.4981,2.2426,,127,127
uncontrolled_explicit_downgrade,0,0,TRUE,10,5,128,3,30,150,150,0,0,100,0,0,100,0,0,0,150,75,100,75,100,1.4968,1.9637,,127,127
uncontrolled_explicit_downgrade,0,0,TRUE,10,10,128,1,30,300,300,0,0,100,0,0,100,0,0,0,300,150,100,150,100,1.4988,2.021,,127,127
uncontrolled_explicit_downgrade,0,0,TRUE,10,10,128,2,30,300,300,0,0,100,0,0,100,0,0,0,300,150,100,150,100,1.5177,2.4906,,127,127
uncontrolled_explicit_downgrade,0,0,TRUE,10,10,128,3,30,300,300,0,0,100,0,0,100,0,0,0,300,150,100,150,100,1.4992,2.2504,,127,127
uncontrolled_explicit_downgrade,0,0,TRUE,10,20,128,1,30,600,600,0,0,100,0,0,100,0,0,0,600,300,100,300,100,1.4994,2.2195,,127,127
uncontrolled_explicit_downgrade,0,0,TRUE,10,20,128,2,30,600,600,0,0,100,0,0,100,0,0,0,600,300,100,300,100,1.5017,2.3443,,127,127
uncontrolled_explicit_downgrade,0,0,TRUE,10,20,128,3,30,600,600,0,0,100,0,0,100,0,0,0,600,300,100,300,100,1.5005,2.1186,,127,127
uncontrolled_explicit_downgrade,0,0,TRUE,10,50,128,1,30,1500,1299,201,0,86.6,13.4,0,100,0,0,201,1299,750,84.6667,750,88.5333,1.5001,2.0684,,0,0
uncontrolled_explicit_downgrade,0,0,TRUE,10,50,128,2,30,1500,1299,201,0,86.6,13.4,0,100,0,0,201,1299,750,84.6667,750,88.5333,1.5046,2.1121,,0,0
uncontrolled_explicit_downgrade,0,0,TRUE,10,50,128,3,30,1500,1299,201,0,86.6,13.4,0,100,0,0,201,1299,750,84.6667,750,88.5333,1.5032,2.3622,,0,0
uncontrolled_explicit_downgrade,0,0,TRUE,10,100,128,1,30,3000,1299,1701,0,43.3,56.7,0,100,0,0,1701,1299,1500,43.1333,1500,43.4667,1.4969,2.3552,,0,0
uncontrolled_explicit_downgrade,0,0,TRUE,10,100,128,2,30,3000,1299,1701,0,43.3,56.7,0,100,0,0,1701,1299,1500,43.1333,1500,43.4667,1.5004,2.454,,0,0
uncontrolled_explicit_downgrade,0,0,TRUE,10,100,128,3,30,3000,1299,1701,0,43.3,56.7,0,100,0,0,1701,1299,1500,43.1333,1500,43.4667,1.4928,2.1997,,0,0
uncontrolled_explicit_downgrade,0,0,TRUE,100,1,128,1,30,30,30,0,0,100,0,0,100,0,0,0,30,15,100,15,100,1.4911,1.5687,,127,127
uncontrolled_explicit_downgrade,0,0,TRUE,100,1,128,2,30,30,30,0,0,100,0,0,100,0,0,0,30,15,100,15,100,1.5063,2.058,,127,127
uncontrolled_explicit_downgrade,0,0,TRUE,100,1,128,3,30,30,30,0,0,100,0,0,100,0,0,0,30,15,100,15,100,1.4914,2.0184,,127,127
uncontrolled_explicit_downgrade,0,0,TRUE,100,5,128,1,30,150,150,0,0,100,0,0,100,0,0,0,150,75,100,75,100,1.5468,2.6208,,127,127
uncontrolled_explicit_downgrade,0,0,TRUE,100,5,128,2,30,150,150,0,0,100,0,0,100,0,0,0,150,75,100,75,100,1.6443,2.5883,,127,127
uncontrolled_explicit_downgrade,0,0,TRUE,100,5,128,3,30,150,150,0,0,100,0,0,100,0,0,0,150,75,100,75,100,1.5155,2.4924,,127,127
uncontrolled_explicit_downgrade,0,0,TRUE,100,10,128,1,30,300,300,0,0,100,0,0,100,0,0,0,300,150,100,150,100,1.4996,2.2954,,127,127
uncontrolled_explicit_downgrade,0,0,TRUE,100,10,128,2,30,300,300,0,0,100,0,0,100,0,0,0,300,150,100,150,100,1.5178,2.5697,,127,127
uncontrolled_explicit_downgrade,0,0,TRUE,100,10,128,3,30,300,300,0,0,100,0,0,100,0,0,0,300,150,100,150,100,1.5008,2.4545,,127,127
uncontrolled_explicit_downgrade,0,0,TRUE,100,20,128,1,30,600,600,0,0,100,0,0,100,0,0,0,600,300,100,300,100,1.5181,2.6989,,127,127
uncontrolled_explicit_downgrade,0,0,TRUE,100,20,128,2,30,600,600,0,0,100,0,0,100,0,0,0,600,300,100,300,100,1.4963,2.3326,,127,127
uncontrolled_explicit_downgrade,0,0,TRUE,100,20,128,3,30,600,600,0,0,100,0,0,100,0,0,0,600,300,100,300,100,1.4956,2.46,,127,127
uncontrolled_explicit_downgrade,0,0,TRUE,100,50,128,1,30,1500,1500,0,0,100,0,0,100,0,0,0,1500,750,100,750,100,1.4969,2.4515,,127,127
uncontrolled_explicit_downgrade,0,0,TRUE,100,50,128,2,30,1500,1500,0,0,100,0,0,100,0,0,0,1500,750,100,750,100,1.5019,2.5115,,127,127
uncontrolled_explicit_downgrade,0,0,TRUE,100,50,128,3,30,1500,1500,0,0,100,0,0,100,0,0,0,1500,750,100,750,100,1.506,2.5835,,127,127
uncontrolled_explicit_downgrade,0,0,TRUE,100,100,128,1,30,3000,3000,0,0,100,0,0,100,0,0,0,3000,1500,100,1500,100,1.4975,2.5188,,127,127
uncontrolled_explicit_downgrade,0,0,TRUE,100,100,128,2,30,3000,3000,0,0,100,0,0,100,0,0,0,3000,1500,100,1500,100,1.4953,2.5138,,127,127
uncontrolled_explicit_downgrade,0,0,TRUE,100,100,128,3,30,3000,3000,0,0,100,0,0,100,0,0,0,3000,1500,100,1500,100,1.504,2.4314,,127,127
per_peer_quota,5,0,TRUE,1,1,128,1,30,30,30,0,0,100,0,0,100,0,0,0,30,15,100,15,100,1.5334,1.6889,,127,127
per_peer_quota,5,0,TRUE,1,1,128,2,30,30,30,0,0,100,0,0,100,0,0,0,30,15,100,15,100,1.528,1.5793,,127,127
per_peer_quota,5,0,TRUE,1,1,128,3,30,30,30,0,0,100,0,0,100,0,0,0,30,15,100,15,100,1.5113,1.5531,,127,127
per_peer_quota,5,0,TRUE,1,5,128,1,30,150,150,0,0,100,0,0,100,0,0,0,150,75,100,75,100,1.5292,1.9056,,95,95
per_peer_quota,5,0,TRUE,1,5,128,2,30,150,150,0,0,100,0,0,100,0,0,0,150,75,100,75,100,1.5051,2.4142,,95,95
per_peer_quota,5,0,TRUE,1,5,128,3,30,150,150,0,0,100,0,0,100,0,0,0,150,75,100,75,100,1.5017,2.3141,,95,95
per_peer_quota,5,0,TRUE,1,10,128,1,30,300,245,55,0,81.6667,18.3333,0,100,11,0,44,245,150,78,150,85.3333,1.5292,2.53,,0,0
per_peer_quota,5,0,TRUE,1,10,128,2,30,300,245,55,0,81.6667,18.3333,0,100,11,0,44,245,150,78,150,85.3333,1.6546,2.6472,,0,0
per_peer_quota,5,0,TRUE,1,10,128,3,30,300,245,55,0,81.6667,18.3333,0,100,11,0,44,245,150,78,150,85.3333,1.4966,2.2118,,0,0
per_peer_quota,5,0,TRUE,1,20,128,1,30,600,245,355,0,40.8333,59.1667,0,100,151,0,204,245,300,25.3333,300,56.3333,1.4968,2.2702,,0,0
per_peer_quota,5,0,TRUE,1,20,128,2,30,600,245,355,0,40.8333,59.1667,0,100,151,0,204,245,300,25.3333,300,56.3333,1.4983,2.4842,,0,0
per_peer_quota,5,0,TRUE,1,20,128,3,30,600,245,355,0,40.8333,59.1667,0,100,151,0,204,245,300,25.3333,300,56.3333,1.4992,2.5443,,0,0
per_peer_quota,5,0,TRUE,1,50,128,1,30,1500,244,1256,0,16.2667,83.7333,0,100,935,0,321,244,750,7.6,750,24.9333,1.4891,2.3629,,0,1
per_peer_quota,5,0,TRUE,1,50,128,2,30,1500,244,1256,0,16.2667,83.7333,0,100,935,0,321,244,750,7.6,750,24.9333,1.4886,2.3627,,0,1
per_peer_quota,5,0,TRUE,1,50,128,3,30,1500,244,1256,0,16.2667,83.7333,0,100,935,0,321,244,750,7.6,750,24.9333,1.4895,2.4866,,0,1
per_peer_quota,5,0,TRUE,1,100,128,1,30,3000,244,2756,0,8.1333,91.8667,0,100,2400,0,356,244,1500,6.4,1500,9.8667,1.4945,2.5917,,0,1
per_peer_quota,5,0,TRUE,1,100,128,2,30,3000,244,2756,0,8.1333,91.8667,0,100,2400,0,356,244,1500,6.4,1500,9.8667,1.5065,2.5853,,0,1
per_peer_quota,5,0,TRUE,1,100,128,3,30,3000,244,2756,0,8.1333,91.8667,0,100,2400,0,356,244,1500,6.4,1500,9.8667,1.4962,2.5627,,0,1
per_peer_quota,5,0,TRUE,10,1,128,1,30,30,30,0,0,100,0,0,100,0,0,0,30,15,100,15,100,1.9108,2.5395,,127,127
per_peer_quota,5,0,TRUE,10,1,128,2,30,30,30,0,0,100,0,0,100,0,0,0,30,15,100,15,100,2.3129,3.0495,,127,127
per_peer_quota,5,0,TRUE,10,1,128,3,30,30,30,0,0,100,0,0,100,0,0,0,30,15,100,15,100,1.5161,2.5333,,127,127
per_peer_quota,5,0,TRUE,10,5,128,1,30,150,150,0,0,100,0,0,100,0,0,0,150,75,100,75,100,1.497,2.5103,,127,127
per_peer_quota,5,0,TRUE,10,5,128,2,30,150,150,0,0,100,0,0,100,0,0,0,150,75,100,75,100,1.4981,1.806,,127,127
per_peer_quota,5,0,TRUE,10,5,128,3,30,150,150,0,0,100,0,0,100,0,0,0,150,75,100,75,100,1.4981,1.7859,,127,127
per_peer_quota,5,0,TRUE,10,10,128,1,30,300,289,11,0,96.3333,3.6667,0,100,11,0,0,289,150,92.6667,150,100,1.5008,2.3818,,127,127
per_peer_quota,5,0,TRUE,10,10,128,2,30,300,289,11,0,96.3333,3.6667,0,100,11,0,0,289,150,92.6667,150,100,1.5044,2.3941,,127,127
per_peer_quota,5,0,TRUE,10,10,128,3,30,300,289,11,0,96.3333,3.6667,0,100,11,0,0,289,150,92.6667,150,100,1.5059,1.9078,,127,127
per_peer_quota,5,0,TRUE,10,20,128,1,30,600,449,151,0,74.8333,25.1667,0,100,151,0,0,449,300,49.6667,300,100,1.5139,2.5042,,127,127
per_peer_quota,5,0,TRUE,10,20,128,2,30,600,449,151,0,74.8333,25.1667,0,100,151,0,0,449,300,49.6667,300,100,1.5087,2.5259,,127,127
per_peer_quota,5,0,TRUE,10,20,128,3,30,600,449,151,0,74.8333,25.1667,0,100,151,0,0,449,300,49.6667,300,100,1.5088,2.4198,,127,127
per_peer_quota,5,0,TRUE,10,50,128,1,30,1500,565,935,0,37.6667,62.3333,0,100,935,0,0,565,750,19.3333,750,56,1.4974,2.4775,,125,128
per_peer_quota,5,0,TRUE,10,50,128,2,30,1500,565,935,0,37.6667,62.3333,0,100,935,0,0,565,750,19.3333,750,56,1.5396,3.6669,,125,128
per_peer_quota,5,0,TRUE,10,50,128,3,30,1500,565,935,0,37.6667,62.3333,0,100,935,0,0,565,750,19.3333,750,56,1.4937,3.407,,125,128
per_peer_quota,5,0,TRUE,10,100,128,1,30,3000,600,2400,0,20,80,0,100,2400,0,0,600,1500,10,1500,30,1.4837,3.1586,,119,128
per_peer_quota,5,0,TRUE,10,100,128,2,30,3000,600,2400,0,20,80,0,100,2400,0,0,600,1500,10,1500,30,1.5057,3.5905,,119,128
per_peer_quota,5,0,TRUE,10,100,128,3,30,3000,600,2400,0,20,80,0,100,2400,0,0,600,1500,10,1500,30,1.4801,2.4231,,119,128
per_peer_quota,5,0,TRUE,100,1,128,1,30,30,30,0,0,100,0,0,100,0,0,0,30,15,100,15,100,1.5092,1.9357,,127,127
per_peer_quota,5,0,TRUE,100,1,128,2,30,30,30,0,0,100,0,0,100,0,0,0,30,15,100,15,100,1.5371,2.813,,127,127
per_peer_quota,5,0,TRUE,100,1,128,3,30,30,30,0,0,100,0,0,100,0,0,0,30,15,100,15,100,1.4865,1.5122,,127,127
per_peer_quota,5,0,TRUE,100,5,128,1,30,150,150,0,0,100,0,0,100,0,0,0,150,75,100,75,100,1.4891,1.6593,,127,127
per_peer_quota,5,0,TRUE,100,5,128,2,30,150,150,0,0,100,0,0,100,0,0,0,150,75,100,75,100,1.5,2.6497,,127,127
per_peer_quota,5,0,TRUE,100,5,128,3,30,150,150,0,0,100,0,0,100,0,0,0,150,75,100,75,100,1.5058,2.0914,,127,127
per_peer_quota,5,0,TRUE,100,10,128,1,30,300,289,11,0,96.3333,3.6667,0,100,11,0,0,289,150,92.6667,150,100,1.4903,1.8112,,127,127
per_peer_quota,5,0,TRUE,100,10,128,2,30,300,289,11,0,96.3333,3.6667,0,100,11,0,0,289,150,92.6667,150,100,1.4899,1.9777,,127,127
per_peer_quota,5,0,TRUE,100,10,128,3,30,300,289,11,0,96.3333,3.6667,0,100,11,0,0,289,150,92.6667,150,100,1.492,1.7593,,127,127
per_peer_quota,5,0,TRUE,100,20,128,1,30,600,449,151,0,74.8333,25.1667,0,100,151,0,0,449,300,49.6667,300,100,1.495,2.0601,,127,127
per_peer_quota,5,0,TRUE,100,20,128,2,30,600,449,151,0,74.8333,25.1667,0,100,151,0,0,449,300,49.6667,300,100,1.4994,2.1864,,127,127
per_peer_quota,5,0,TRUE,100,20,128,3,30,600,449,151,0,74.8333,25.1667,0,100,151,0,0,449,300,49.6667,300,100,1.4964,2.4352,,127,127
per_peer_quota,5,0,TRUE,100,50,128,1,30,1500,565,935,0,37.6667,62.3333,0,100,935,0,0,565,750,19.3333,750,56,1.4873,2.0972,,127,128
per_peer_quota,5,0,TRUE,100,50,128,2,30,1500,565,935,0,37.6667,62.3333,0,100,935,0,0,565,750,19.3333,750,56,1.4834,2.4734,,127,128
per_peer_quota,5,0,TRUE,100,50,128,3,30,1500,565,935,0,37.6667,62.3333,0,100,935,0,0,565,750,19.3333,750,56,1.4966,2.1735,,127,128
per_peer_quota,5,0,TRUE,100,100,128,1,30,3000,600,2400,0,20,80,0,100,2400,0,0,600,1500,10,1500,30,1.4841,2.4215,,127,128
per_peer_quota,5,0,TRUE,100,100,128,2,30,3000,600,2400,0,20,80,0,100,2400,0,0,600,1500,10,1500,30,1.4853,2.4899,,127,128
per_peer_quota,5,0,TRUE,100,100,128,3,30,3000,600,2400,0,20,80,0,100,2400,0,0,600,1500,10,1500,30,1.4772,1.9957,,127,128
admission_control,0,0.05,FALSE,1,1,128,1,30,30,30,0,0,100,0,0,100,0,0,0,30,15,100,15,100,1.5049,1.6428,,127,127
admission_control,0,0.05,FALSE,1,1,128,2,30,30,30,0,0,100,0,0,100,0,0,0,30,15,100,15,100,1.4956,1.9345,,127,127
admission_control,0,0.05,FALSE,1,1,128,3,30,30,30,0,0,100,0,0,100,0,0,0,30,15,100,15,100,1.4792,1.5062,,127,127
admission_control,0,0.05,FALSE,1,5,128,1,30,150,150,0,0,100,0,0,100,0,0,0,150,75,100,75,100,1.4895,1.9823,,95,95
admission_control,0,0.05,FALSE,1,5,128,2,30,150,150,0,0,100,0,0,100,0,0,0,150,75,100,75,100,1.5017,1.8802,,95,95
admission_control,0,0.05,FALSE,1,5,128,3,30,150,150,0,0,100,0,0,100,0,0,0,150,75,100,75,100,1.5001,2.9994,,95,95
admission_control,0,0.05,FALSE,1,10,128,1,30,300,239,0,61,79.6667,0,20.3333,79.6667,0,0,0,239,150,80,150,79.3333,1.4839,1.571,1.1513,6,6
admission_control,0,0.05,FALSE,1,10,128,2,30,300,239,0,61,79.6667,0,20.3333,79.6667,0,0,0,239,150,80,150,79.3333,1.5004,2.2679,1.1561,6,6
admission_control,0,0.05,FALSE,1,10,128,3,30,300,239,0,61,79.6667,0,20.3333,79.6667,0,0,0,239,150,80,150,79.3333,1.4841,1.6183,1.1495,6,6
admission_control,0,0.05,FALSE,1,20,128,1,30,600,239,0,361,39.8333,0,60.1667,39.8333,0,0,0,239,300,40.3333,300,39.3333,1.4904,1.6932,1.1456,6,6
admission_control,0,0.05,FALSE,1,20,128,2,30,600,239,0,361,39.8333,0,60.1667,39.8333,0,0,0,239,300,40.3333,300,39.3333,1.4959,1.8388,1.146,6,6
admission_control,0,0.05,FALSE,1,20,128,3,30,600,239,0,361,39.8333,0,60.1667,39.8333,0,0,0,239,300,40.3333,300,39.3333,1.5093,2.3073,1.1514,6,6
admission_control,0,0.05,FALSE,1,50,128,1,30,1500,239,0,1261,15.9333,0,84.0667,15.9333,0,0,0,239,750,14.6667,750,17.2,1.5025,2.0222,1.1442,6,6
admission_control,0,0.05,FALSE,1,50,128,2,30,1500,239,0,1261,15.9333,0,84.0667,15.9333,0,0,0,239,750,14.6667,750,17.2,1.506,1.992,1.1463,6,6
admission_control,0,0.05,FALSE,1,50,128,3,30,1500,239,0,1261,15.9333,0,84.0667,15.9333,0,0,0,239,750,14.6667,750,17.2,1.5109,2.3703,1.1419,6,6
admission_control,0,0.05,FALSE,1,100,128,1,30,3000,239,0,2761,7.9667,0,92.0333,7.9667,0,0,0,239,1500,7.9333,1500,8,1.5145,1.938,1.145,6,6
admission_control,0,0.05,FALSE,1,100,128,2,30,3000,239,0,2761,7.9667,0,92.0333,7.9667,0,0,0,239,1500,7.9333,1500,8,1.5071,1.8298,1.1433,6,6
admission_control,0,0.05,FALSE,1,100,128,3,30,3000,239,0,2761,7.9667,0,92.0333,7.9667,0,0,0,239,1500,7.9333,1500,8,1.5196,1.8452,1.1443,6,6
admission_control,0,0.05,FALSE,10,1,128,1,30,30,30,0,0,100,0,0,100,0,0,0,30,15,100,15,100,1.5151,1.8206,,127,127
admission_control,0,0.05,FALSE,10,1,128,2,30,30,30,0,0,100,0,0,100,0,0,0,30,15,100,15,100,1.4931,1.7947,,127,127
admission_control,0,0.05,FALSE,10,1,128,3,30,30,30,0,0,100,0,0,100,0,0,0,30,15,100,15,100,1.4882,1.5726,,127,127
admission_control,0,0.05,FALSE,10,5,128,1,30,150,150,0,0,100,0,0,100,0,0,0,150,75,100,75,100,1.4987,2.4851,,127,127
admission_control,0,0.05,FALSE,10,5,128,2,30,150,150,0,0,100,0,0,100,0,0,0,150,75,100,75,100,1.4895,1.5644,,127,127
admission_control,0,0.05,FALSE,10,5,128,3,30,150,150,0,0,100,0,0,100,0,0,0,150,75,100,75,100,1.4953,2.1252,,127,127
admission_control,0,0.05,FALSE,10,10,128,1,30,300,300,0,0,100,0,0,100,0,0,0,300,150,100,150,100,1.5084,2.7218,,127,127
admission_control,0,0.05,FALSE,10,10,128,2,30,300,300,0,0,100,0,0,100,0,0,0,300,150,100,150,100,1.493,1.8883,,127,127
admission_control,0,0.05,FALSE,10,10,128,3,30,300,300,0,0,100,0,0,100,0,0,0,300,150,100,150,100,1.4933,2.5419,,127,127
admission_control,0,0.05,FALSE,10,20,128,1,30,600,600,0,0,100,0,0,100,0,0,0,600,300,100,300,100,1.4993,2.5299,,127,127
admission_control,0,0.05,FALSE,10,20,128,2,30,600,600,0,0,100,0,0,100,0,0,0,600,300,100,300,100,1.6225,2.1467,,127,127
admission_control,0,0.05,FALSE,10,20,128,3,30,600,600,0,0,100,0,0,100,0,0,0,600,300,100,300,100,1.5101,2.669,,127,127
admission_control,0,0.05,FALSE,10,50,128,1,30,1500,1293,0,207,86.2,0,13.8,86.2,0,0,0,1293,750,84.2667,750,88.1333,1.4915,2.5118,1.1557,6,6
admission_control,0,0.05,FALSE,10,50,128,2,30,1500,1293,0,207,86.2,0,13.8,86.2,0,0,0,1293,750,84.2667,750,88.1333,1.4969,2.516,1.1512,6,6
admission_control,0,0.05,FALSE,10,50,128,3,30,1500,1293,0,207,86.2,0,13.8,86.2,0,0,0,1293,750,84.2667,750,88.1333,1.5043,2.4535,1.159,6,6
admission_control,0,0.05,FALSE,10,100,128,1,30,3000,1293,0,1707,43.1,0,56.9,43.1,0,0,0,1293,1500,42.9333,1500,43.2667,1.4899,2.2953,1.15,6,6
admission_control,0,0.05,FALSE,10,100,128,2,30,3000,1293,0,1707,43.1,0,56.9,43.1,0,0,0,1293,1500,42.9333,1500,43.2667,1.4922,2.3791,1.1537,6,6
admission_control,0,0.05,FALSE,10,100,128,3,30,3000,1293,0,1707,43.1,0,56.9,43.1,0,0,0,1293,1500,42.9333,1500,43.2667,1.491,2.2392,1.1505,6,6
admission_control,0,0.05,FALSE,100,1,128,1,30,30,30,0,0,100,0,0,100,0,0,0,30,15,100,15,100,1.599,2.4403,,127,127
admission_control,0,0.05,FALSE,100,1,128,2,30,30,30,0,0,100,0,0,100,0,0,0,30,15,100,15,100,1.4993,1.9225,,127,127
admission_control,0,0.05,FALSE,100,1,128,3,30,30,30,0,0,100,0,0,100,0,0,0,30,15,100,15,100,1.5018,2.4586,,127,127
admission_control,0,0.05,FALSE,100,5,128,1,30,150,150,0,0,100,0,0,100,0,0,0,150,75,100,75,100,1.5386,2.4217,,127,127
admission_control,0,0.05,FALSE,100,5,128,2,30,150,150,0,0,100,0,0,100,0,0,0,150,75,100,75,100,1.5367,2.6693,,127,127
admission_control,0,0.05,FALSE,100,5,128,3,30,150,150,0,0,100,0,0,100,0,0,0,150,75,100,75,100,1.5084,1.9677,,127,127
admission_control,0,0.05,FALSE,100,10,128,1,30,300,300,0,0,100,0,0,100,0,0,0,300,150,100,150,100,1.5177,2.2152,,127,127
admission_control,0,0.05,FALSE,100,10,128,2,30,300,300,0,0,100,0,0,100,0,0,0,300,150,100,150,100,1.4874,1.7537,,127,127
admission_control,0,0.05,FALSE,100,10,128,3,30,300,300,0,0,100,0,0,100,0,0,0,300,150,100,150,100,1.492,1.908,,127,127
admission_control,0,0.05,FALSE,100,20,128,1,30,600,600,0,0,100,0,0,100,0,0,0,600,300,100,300,100,1.4971,1.9992,,127,127
admission_control,0,0.05,FALSE,100,20,128,2,30,600,600,0,0,100,0,0,100,0,0,0,600,300,100,300,100,1.493,2.3349,,127,127
admission_control,0,0.05,FALSE,100,20,128,3,30,600,600,0,0,100,0,0,100,0,0,0,600,300,100,300,100,1.5133,3.7138,,127,127
admission_control,0,0.05,FALSE,100,50,128,1,30,1500,1500,0,0,100,0,0,100,0,0,0,1500,750,100,750,100,1.5024,2.4214,,127,127
admission_control,0,0.05,FALSE,100,50,128,2,30,1500,1500,0,0,100,0,0,100,0,0,0,1500,750,100,750,100,1.496,2.0811,,127,127
admission_control,0,0.05,FALSE,100,50,128,3,30,1500,1500,0,0,100,0,0,100,0,0,0,1500,750,100,750,100,1.4945,2.4916,,127,127
admission_control,0,0.05,FALSE,100,100,128,1,30,3000,3000,0,0,100,0,0,100,0,0,0,3000,1500,100,1500,100,1.4943,1.8496,,127,127
admission_control,0,0.05,FALSE,100,100,128,2,30,3000,3000,0,0,100,0,0,100,0,0,0,3000,1500,100,1500,100,1.4934,2.3713,,127,127
admission_control,0,0.05,FALSE,100,100,128,3,30,3000,3000,0,0,100,0,0,100,0,0,0,3000,1500,100,1500,100,1.4984,2.1588,,127,127
